{"cameraMode":{"drawMode":0,"name":"Shaded","section":"Shading Mode"},"sceneLighting":false,"audioPlay":false,"sceneViewState":{"m_AlwaysRefresh":false,"showFog":true,"showSkybox":false,"showFlares":true,"showImageEffects":true,"showParticleSystems":true,"showVisualEffectGraphs":true,"m_FxEnabled":true},"in2DMode":false,"pivot":{"x":-1.8256264925003052,"y":-0.056587252765893939,"z":-0.28779101371765139},"rotation":{"x":0.03933039307594299,"y":-0.7492471933364868,"z":0.04529132321476936,"w":0.6598497629165649},"size":1.430985927581787,"orthographic":false}