{"cameraMode":{"drawMode":0,"name":"Shaded","section":"Shading Mode"},"sceneLighting":false,"audioPlay":false,"sceneViewState":{"m_AlwaysRefresh":false,"showFog":true,"showSkybox":false,"showFlares":true,"showImageEffects":true,"showParticleSystems":true,"showVisualEffectGraphs":true,"m_FxEnabled":true},"in2DMode":false,"pivot":{"x":-1.1920928955078126e-7,"y":0.8643996119499207,"z":-0.0655137300491333},"rotation":{"x":0.03287546709179878,"y":0.8834137916564941,"z":-0.06232727691531181,"w":0.4637547731399536},"size":1.4309853315353394,"orthographic":false}