{"cameraMode":{"drawMode":0,"name":"Shaded","section":"Shading Mode"},"sceneLighting":false,"audioPlay":false,"sceneViewState":{"m_AlwaysRefresh":false,"showFog":true,"showSkybox":false,"showFlares":true,"showImageEffects":true,"showParticleSystems":true,"showVisualEffectGraphs":true,"m_FxEnabled":true},"in2DMode":false,"pivot":{"x":-3.7067997455596926,"y":0.11708362400531769,"z":0.030714042484760286},"rotation":{"x":0.019607815891504289,"y":-0.7522861957550049,"z":0.02271927334368229,"w":0.6584751009941101},"size":2.3309853076934816,"orthographic":false}