{"cameraMode":{"drawMode":0,"name":"Shaded","section":"Shading Mode"},"sceneLighting":false,"audioPlay":false,"sceneViewState":{"m_AlwaysRefresh":false,"showFog":true,"showSkybox":false,"showFlares":true,"showImageEffects":true,"showParticleSystems":true,"showVisualEffectGraphs":true,"m_FxEnabled":true},"in2DMode":false,"pivot":{"x":-7.440290451049805,"y":-0.3344850540161133,"z":2.950284242630005},"rotation":{"x":0.012490011751651764,"y":-0.8270065188407898,"z":-0.018339594826102258,"w":-0.5617956519126892},"size":0.000017320508050033823,"orthographic":false}