{"cameraMode":{"drawMode":0,"name":"Shaded","section":"Shading Mode"},"sceneLighting":false,"audioPlay":false,"sceneViewState":{"m_AlwaysRefresh":false,"showFog":true,"showSkybox":false,"showFlares":true,"showImageEffects":true,"showParticleSystems":true,"showVisualEffectGraphs":true,"m_FxEnabled":true},"in2DMode":false,"pivot":{"x":-0.12230032682418823,"y":1.3223693370819092,"z":-0.043684184551239017},"rotation":{"x":-0.021520433947443963,"y":-0.8357217311859131,"z":0.03288494423031807,"w":-0.5477869510650635},"size":2.08134126663208,"orthographic":false}