{"cameraMode":{"drawMode":0,"name":"Shaded","section":"Shading Mode"},"sceneLighting":false,"audioPlay":false,"sceneViewState":{"m_AlwaysRefresh":false,"showFog":false,"showSkybox":false,"showFlares":false,"showImageEffects":false,"showParticleSystems":false,"showVisualEffectGraphs":true,"m_FxEnabled":true},"in2DMode":false,"pivot":{"x":0.2910309433937073,"y":0.6803460121154785,"z":-0.1344749927520752},"rotation":{"x":0.003422439331188798,"y":-0.994856059551239,"z":0.040362171828746799,"w":0.09483075141906738},"size":0.8548459410667419,"orthographic":false}